{"count":1,"gauges":{},"self":46.317023999999996,"total":47.9466538,"children":{"AgentSendState":{"count":2365,"self":0.1078779,"total":0.1598165,"children":{"CollectObservations":{"count":5676,"self":0.051938599999999994,"total":0.051938599999999994,"children":null}}},"DecideAction":{"count":2365,"self":1.2770278,"total":1.2770278,"children":null},"AgentAct":{"count":2365,"self":0.1917866,"total":0.1917866,"children":null}}}