{"count":1,"gauges":{"3DBallHard.CumulativeReward":{"count":19,"max":29.1000786,"min":-0.09999988,"value":2.399999,"weightedAverage":7.61530828}},"self":55.9358784,"total":58.138389499999995,"children":{"AgentSendState":{"count":2871,"self":0.1558021,"total":0.2107411,"children":{"CollectObservations":{"count":6900,"self":0.054938999999999995,"total":0.054938999999999995,"children":null}}},"DecideAction":{"count":2871,"self":1.7839842,"total":1.7839842,"children":null},"AgentAct":{"count":2871,"self":0.207784,"total":0.207784,"children":null}}}