{"count":1,"gauges":{"Basic.CumulativeReward":{"count":70,"max":0.93,"min":0.93,"value":0.93,"weightedAverage":0.93}},"self":9.9879072,"total":10.5988017,"children":{"AgentSendState":{"count":495,"self":0.0169791,"total":0.0199752,"children":{"CollectObservations":{"count":495,"self":0.0029961,"total":0.0029961,"children":null}}},"DecideAction":{"count":495,"self":0.5839285,"total":0.5839285,"children":null},"AgentAct":{"count":495,"self":0.0059914999999999994,"total":0.0059914999999999994,"children":null}}}