{"count":1,"gauges":{"Bouncer.CumulativeReward":{"count":66,"max":22.479002,"min":11.5978451,"value":17.5134544,"weightedAverage":17.0815182}},"self":94.7984448,"total":98.179243899999989,"children":{"AgentSendState":{"count":4880,"self":0.0888934,"total":0.10187869999999999,"children":{"CollectObservations":{"count":1387,"self":0.0129853,"total":0.0129853,"children":null}}},"DecideAction":{"count":4880,"self":3.2409654,"total":3.2409654,"children":null},"AgentAct":{"count":4880,"self":0.0369533,"total":0.0369533,"children":null}}}