{"count":1,"gauges":{"CrawlerDynamic.CumulativeReward":{"count":12,"max":675.6433,"min":133.569656,"value":640.385559,"weightedAverage":518.407654}},"self":87.744371199999989,"total":98.0733063,"children":{"AgentSendState":{"count":7286,"self":0.328011,"total":1.3426246,"children":{"CollectObservations":{"count":11664,"self":1.0146136,"total":1.0146136,"children":null}}},"DecideAction":{"count":7286,"self":8.3684688,"total":8.3684691,"children":null},"AgentAct":{"count":7286,"self":0.61784109999999992,"total":0.61784109999999992,"children":null}}}