{"count":1,"gauges":{},"self":36.6852288,"total":41.2347633,"children":{"AgentSendState":{"count":3027,"self":0.1538182,"total":0.67323539999999993,"children":{"CollectObservations":{"count":6060,"self":0.5194172,"total":0.5194172,"children":null}}},"DecideAction":{"count":3027,"self":3.556104,"total":3.556104,"children":null},"AgentAct":{"count":3027,"self":0.3191978,"total":0.3191978,"children":null}}}