{"count":1,"gauges":{"FoodCollector.CumulativeReward":{"count":40,"max":75,"min":33,"value":52,"weightedAverage":59.0893478}},"self":269.9986176,"total":292.8460966,"children":{"AgentSendState":{"count":14579,"self":1.1274008,"total":1.4519586,"children":{"CollectObservations":{"count":58320,"self":0.3245578,"total":0.3245578,"children":null}}},"DecideAction":{"count":14579,"self":14.520281599999999,"total":18.8711832,"children":{"RayPerceptionSensor.Perceive":{"count":58320,"self":4.3509024,"total":4.3509023,"children":null}}},"AgentAct":{"count":14579,"self":2.5233292,"total":2.5233290999999998,"children":null}}}