{"count":1,"gauges":{"GridWorld.CumulativeReward":{"count":496,"max":1,"min":0.93,"value":1,"weightedAverage":0.9786203}},"self":22.395792,"total":65.235095399999992,"children":{"AgentSendState":{"count":1718,"self":0.0549097,"total":0.0718847,"children":{"CollectObservations":{"count":1710,"self":0.016975,"total":0.016975,"children":null}}},"DecideAction":{"count":1718,"self":32.1918976,"total":42.596094,"children":{"CameraSensor.WriteToTensor":{"count":1520,"self":10.0755432,"total":10.0755432,"children":null},"RenderTexSensor.GetCompressedObservation":{"count":190,"self":0.3286524,"total":0.3286524,"children":null}}},"AgentAct":{"count":1718,"self":0.17032529999999999,"total":0.17032529999999999,"children":null}}}