{"count":1,"gauges":{"Hallway.CumulativeReward":{"count":249,"max":1,"min":-0.8799855,"value":0.9340002,"weightedAverage":0.8453343}},"self":67.589747199999991,"total":73.1306685,"children":{"AgentSendState":{"count":3574,"self":0.25372649999999997,"total":0.2986798,"children":{"CollectObservations":{"count":9536,"self":0.044953299999999995,"total":0.044953299999999995,"children":null}}},"DecideAction":{"count":3574,"self":4.4072043999999995,"total":4.9725253999999994,"children":{"RayPerceptionSensor.Perceive":{"count":9536,"self":0.565321,"total":0.565321,"children":null}}},"AgentAct":{"count":3574,"self":0.2687194,"total":0.2687194,"children":null}}}