{"count":1,"gauges":{},"self":8.0781096,"total":8.0851037,"children":{"AgentSendState":{"count":379,"self":0.0039959999999999996,"total":0.0039959999999999996,"children":null},"DecideAction":{"count":379,"self":0.0019992,"total":0.0019992,"children":null},"AgentAct":{"count":379,"self":0,"total":0,"children":null}}}