{"count":1,"gauges":{"PushBlock.CumulativeReward":{"count":514,"max":4.9962,"min":4.85179853,"value":4.9876,"weightedAverage":4.98230171}},"self":24.900056,"total":28.0928014,"children":{"AgentSendState":{"count":1372,"self":0.1478061,"total":0.1777698,"children":{"CollectObservations":{"count":8800,"self":0.0299637,"total":0.0299637,"children":null}}},"DecideAction":{"count":1372,"self":1.9860984,"total":2.8272113,"children":{"RayPerceptionSensor.Perceive":{"count":17600,"self":0.84111289999999994,"total":0.84111289999999994,"children":null}}},"AgentAct":{"count":1372,"self":0.1867636,"total":0.1867636,"children":null}}}