{"count":1,"gauges":{"Pyramids.CumulativeReward":{"count":75,"max":1.92499983,"min":1.08304787,"value":1.88999927,"weightedAverage":1.79060769}},"self":97.523590399999989,"total":122.231066,"children":{"AgentSendState":{"count":6076,"self":0.2946237,"total":0.40648809999999996,"children":{"CollectObservations":{"count":19456,"self":0.11186439999999999,"total":0.11186439999999999,"children":null}}},"DecideAction":{"count":6076,"self":4.1593203999999995,"total":23.9054781,"children":{"RayPerceptionSensor.Perceive":{"count":58368,"self":19.7461584,"total":19.7461578,"children":null}}},"AgentAct":{"count":6076,"self":0.39450779999999996,"total":0.39450779999999996,"children":null}}}