{"count":1,"gauges":{},"self":50.380448,"total":52.916142699999995,"children":{"AgentSendState":{"count":2614,"self":0.2546525,"total":0.4014453,"children":{"CollectObservations":{"count":13080,"self":0.1467928,"total":0.1467928,"children":null}}},"DecideAction":{"count":2614,"self":1.9065762,"total":1.9065762,"children":null},"AgentAct":{"count":2614,"self":0.22667469999999998,"total":0.22667469999999998,"children":null}}}