{"count":1,"gauges":{"Soccer.CumulativeReward":{"count":4852,"max":1,"min":-1.9236418,"value":0.6566635,"weightedAverage":-0.211328059}},"self":1074.7194368,"total":1274.9298621,"children":{"AgentSendState":{"count":63644,"self":6.4533743999999995,"total":7.7641633,"children":{"CollectObservations":{"count":407328,"self":1.3107887999999999,"total":1.3107887999999999,"children":null}}},"DecideAction":{"count":63644,"self":116.3499264,"total":184.6551611,"children":{"RayPerceptionSensor.Perceive":{"count":814656,"self":68.3052352,"total":68.3052347,"children":null}}},"AgentAct":{"count":63644,"self":7.790088,"total":7.7900879,"children":null}}}