{"count":1,"gauges":{"Tennis.CumulativeReward":{"count":40,"max":1,"min":-1,"value":1,"weightedAverage":0.06116104}},"self":228.5335552,"total":243.4835786,"children":{"AgentSendState":{"count":12110,"self":1.3219687999999998,"total":2.0149437,"children":{"CollectObservations":{"count":87192,"self":0.6929749,"total":0.6929749,"children":null}}},"DecideAction":{"count":12110,"self":9.4187056,"total":9.4187057,"children":null},"AgentAct":{"count":12110,"self":3.5163727999999996,"total":3.5163727,"children":null}}}