{"count":1,"gauges":{},"self":12.250354399999999,"total":12.272326699999999,"children":{"AgentSendState":{"count":586,"self":0.0059945,"total":0.0059945,"children":{"CollectObservations":{"count":118,"self":0,"total":0,"children":null}}},"DecideAction":{"count":586,"self":0.0029979,"total":0.0029979,"children":null},"AgentAct":{"count":586,"self":0.011980699999999999,"total":0.011980699999999999,"children":null}}}