{"count":1,"gauges":{},"self":27.319606399999998,"total":27.366560099999997,"children":{"AgentSendState":{"count":1341,"self":0.0169808,"total":0.0209777,"children":{"CollectObservations":{"count":269,"self":0.0039968999999999994,"total":0.0039968999999999994,"children":null}}},"DecideAction":{"count":1341,"self":0.0010002,"total":0.0010002,"children":null},"AgentAct":{"count":1341,"self":0.0249758,"total":0.0249758,"children":null}}}