{"count":1,"gauges":{"Walker.CumulativeReward":{"count":56,"max":1068.0824,"min":-1,"value":67.17966,"weightedAverage":237.146072}},"self":59.713228799999996,"total":68.4684441,"children":{"AgentSendState":{"count":4976,"self":0.27164669999999996,"total":1.2873648,"children":{"CollectObservations":{"count":10956,"self":1.0157181,"total":1.0157181,"children":null}}},"DecideAction":{"count":4976,"self":6.6800707999999993,"total":6.6800707,"children":null},"AgentAct":{"count":4976,"self":0.7867809,"total":0.7867809,"children":null}}}