{"count":1,"gauges":{"SmallWallJump.CumulativeReward":{"count":320,"max":0.9825,"min":-1.0425,"value":0.955,"weightedAverage":0.9588399},"BigWallJump.CumulativeReward":{"count":441,"max":0.96,"min":-1.1255002,"value":0.939999938,"weightedAverage":0.826747537}},"self":56.118841599999996,"total":68.5917722,"children":{"AgentSendState":{"count":3394,"self":0.3216229,"total":0.5693357,"children":{"CollectObservations":{"count":16296,"self":0.24771279999999998,"total":0.24771279999999998,"children":null}}},"DecideAction":{"count":3394,"self":9.0741807999999988,"total":10.0970245,"children":{"RayPerceptionSensor.Perceive":{"count":32592,"self":1.0228438,"total":1.0228438,"children":null}}},"AgentAct":{"count":3394,"self":1.8055717999999998,"total":1.8055717999999998,"children":null}}}